,AD,AMd,AMv,AV,CL,CM,IAD,IAM,IGL,IMD,LD,LGv,LH,LP,MD,MGd,MGm,MGv,MH,PCN,PF,PIL,PO,POL,PP,PR,PT,PVT,PoT,RE,RH,RT,SGN,SMT,SPA,SPFm,SPFp,VAL,VM,VPL,VPLpc,VPM,VPMpc,Xi
ACAd,0.0001524485061655189,0.0006636441681377168,0.0007707939403962823,0.0004798992932225811,0.0006013994992929772,0.00015447741803841734,0.0005344687684519662,0.00040734296396281126,5.5603081167748415e-05,7.5429588702096e-05,0.0004885009962120097,8.38574889646017e-05,0.00010224678403222185,0.0002879467793550079,0.0002686015088346812,5.937334308537073e-06,9.80622868922172e-05,1.4430683455954377e-05,5.864604573668143e-06,0.00012940427200449386,0.00033241873522733394,9.376408121675861e-05,0.00015887912106954367,0.0001941060327459939,5.3752942898247514e-05,0.00034531258148392917,0.00010341926693462789,6.1292020080135e-05,0.0002195684296130034,0.00024461829567041707,0.0003229487867512164,0.0003360785057701585,3.9337262986094733e-05,0.00033480670303717307,0.00024370424595342917,0.0003614838793714353,0.00048306003024943403,0.0004245749415770691,0.000481924214801013,0.0001605415206912625,0.00024217222073535623,3.8509612190788446e-05,0.00015287593265442837,0.0003092366123251408
ACAv,0.00019236244628193742,0.0007463808739669005,0.0008202371668125239,0.00047359452178320413,0.0005334950922609127,0.00015804178425577608,0.000577123371907356,0.0004616681153700835,8.32212551855237e-05,0.00010624688072908887,0.0005176283740309131,0.00010722156228518865,0.00015310112904045028,0.0002963431442747029,0.0002601064501051598,5.993638095435262e-06,9.19094644865623e-05,1.400557103429691e-05,1.969889556134361e-05,7.747109626183794e-05,0.00030656878945897536,9.02391847211659e-05,0.00010225544209055578,0.00017434814066170698,5.7768346010549504e-05,0.0005336463265535867,0.00023379785155811157,0.0001621171570218175,0.0001975128056832923,0.000365011773528158,0.00035549552374750944,0.0003314977035307706,3.647584643554162e-05,0.0003417350678206495,0.0003457437241566417,0.0005059341824833813,0.00045309579216513377,0.00031368396088706673,0.0004352447522981683,0.00013341807956128625,0.00024147974724027588,2.487206375923283e-05,0.0001588893149921313,0.000434266372558821
AId,7.619522880553559e-06,6.691809874308818e-05,0.00012287776736232627,1.0137301366228523e-05,9.876310799258103e-05,0.00030494738273729023,6.229741710714367e-05,7.161324406217461e-05,1.0043249348044624e-06,0.0005153220388166592,4.24983108512496e-06,4.184992708707352e-07,2.7346113652650217e-05,6.1976388228060655e-06,0.000422340261336005,4.138417376050217e-06,9.269952837710504e-06,3.6414575856116145e-06,1.1400380881120745e-06,0.0004909851242535743,0.0002923656774409428,4.5439447192455134e-05,0.00021257026824966142,2.934525604067916e-05,6.6085912947250285e-06,7.168792515683786e-05,3.6477084018193976e-05,5.087196751905886e-05,9.930714322994565e-05,4.118779348425183e-05,0.0002290539976052159,0.0001370682505704342,1.2123486917567555e-06,0.0003431703525477252,0.00015594417332547134,5.206137748303201e-05,0.00014732188524498065,0.0002663331641775246,0.0003047504737445954,5.194950425682713e-05,0.0004872966740715418,0.00016812931562703998,0.00067759867386437,4.451510072084452e-05
AIp,9.846762818127898e-06,1.3836400842230196e-05,2.0672236095258545e-05,1.0418257722381099e-06,4.443444425576361e-05,0.00015179468780095333,1.8396287507103087e-05,2.468684759183862e-05,1.8185215548650035e-06,0.00030879093653085057,2.0122609557108306e-06,1.4054994673266436e-06,1.2773586074627088e-05,1.9900718348021196e-05,0.00012186446779748933,1.8333459803934455e-05,0.00010612291228822749,3.540615567730101e-05,1.8983768728550995e-06,0.00018227290330966506,0.00022158287760737933,0.00017447762393734293,0.00023688492215128803,5.808545853066145e-05,0.00010812340957315741,8.883050216379429e-05,3.5710325962067365e-05,0.00011166148527104423,0.00026559599500084195,5.680546116781553e-05,0.000125207094440881,6.16992607455168e-05,3.328355896677226e-05,0.0001117246866754641,0.0001505960749019644,6.663952284778644e-05,0.00024087084956404833,5.0116495958594606e-05,0.00010546376412834539,8.799306678244312e-05,0.0010745057534121854,0.00016057617891741067,0.0008970548700976235,8.109869647449148e-05
AIv,5.887578038985283e-06,4.837233089629676e-05,8.823841006929187e-05,5.824439421417121e-06,5.617854704389752e-05,0.0003050938349566485,4.651523269529407e-05,5.8720435016256206e-05,9.865554999141553e-07,0.000660995271455398,2.572957770862819e-06,4.0327912306138113e-07,2.699298039122058e-05,3.744213068657307e-06,0.00044093777645966227,5.092189981676915e-06,8.02773737025373e-06,4.308975660602107e-06,9.041835457943794e-07,0.0004074413641126208,0.0002497149818438413,4.5519882504541547e-05,0.00014409216536685968,1.8940024653961268e-05,4.657730927169098e-06,6.51989097430972e-05,3.049505683299743e-05,6.205587748113048e-05,7.676982717785179e-05,3.650209330627153e-05,0.0002070770226253508,0.00010681661264263267,1.1551214355510124e-06,0.0002872272878483721,0.00019081200264097343,5.1644803984170914e-05,0.00012698242116175373,0.00015475141161898486,0.0002542895424029872,3.739927646288692e-05,0.0005321095053421218,0.00012290111697852582,0.0007926928373132772,4.349116328925191e-05
AUDd,8.007339854829805e-06,5.128747951202459e-06,9.028018733458275e-06,1.4952902429941448e-05,4.3815845404375235e-05,4.447016867655087e-06,3.388965429468434e-06,4.505570480271761e-06,0.00044790013410324776,2.6489843322936637e-06,0.00013740433326863007,0.0003592279009075687,3.924287978822377e-06,0.00045378521936631256,3.972757732709793e-06,0.0013709708191140203,0.0006044557142320311,0.001386465558599999,5.921155329915291e-07,1.1383354113554464e-05,8.224716190049831e-05,0.000671327890985086,0.00010150749107150227,0.0004916247873664601,0.0009965551138913656,2.437459932404107e-05,1.6626134983828022e-06,1.895285348950892e-06,0.000336620191447298,1.1098172255964819e-05,2.1474453186752246e-05,0.00013965329591264007,0.0009708160197486346,3.548722544432434e-05,9.964673122914554e-06,5.5448677141465866e-05,0.00024847151901261544,5.536263725280832e-05,2.69755470358899e-05,0.0001386123487694251,6.394510618835539e-05,0.00012814324092524516,4.5651329031345004e-05,7.773327901762627e-06
AUDp,1.6499509317112935e-05,7.4611103967783145e-06,1.0335466762776867e-05,1.333239471892865e-05,2.8939437610683952e-05,2.623114441707254e-06,5.776069381287322e-06,6.958557401256533e-06,0.0004958735191955286,1.8739505066107565e-06,0.0001348493061558825,0.00042081363434360995,5.615374651773392e-06,0.000548081735399971,2.4445525315987626e-06,0.002030689453313118,0.0006525721264158755,0.0017924016795282413,7.945027508004595e-07,3.3426442227818924e-06,3.574478197274019e-05,0.0006391817691913386,4.4485422514280946e-05,0.0004057511890900206,0.0009757414110358855,2.3622506726385138e-05,5.080006888716028e-06,3.650876737701593e-06,0.0002481720774176181,1.0624944399558796e-05,1.247322254906453e-05,0.00013461842775953163,0.001204355079342138,1.9598701320970774e-05,1.1322769840325965e-05,5.3966990504397244e-05,0.00014892150003044242,2.7682674127677983e-05,1.3305470670529666e-05,9.940196344576958e-05,2.9153398276570544e-05,6.37537913527377e-05,2.8445264998471117e-05,8.47067319856055e-06
AUDpo,3.103780248351877e-05,1.3351128421895115e-05,1.6725089056905903e-05,2.317442777950936e-05,4.043518743265502e-05,1.758500609569043e-06,9.366711618918058e-06,1.0791339317255426e-05,0.0007268359089880621,5.663784406547936e-07,0.00026986315738085803,0.000682843512398576,6.320724880868803e-06,0.0008224930285769404,1.8622567803319616e-06,0.0015557368294665764,0.0005064570564645326,0.0012855045431639826,1.1650238306530392e-06,1.5275199836872378e-06,3.965936039247285e-05,0.0004925300781433528,4.4866869087186156e-05,0.00039053892627874566,0.0008059254425608478,2.556900164565911e-05,6.254633707118679e-06,2.446326646260704e-06,0.0002215150142037245,1.0766084430497754e-05,1.3180522103166415e-05,0.00014669146039462017,0.0010768595608715438,2.2446317907560602e-05,8.209178382739153e-06,5.1610025794750995e-05,0.00013498404238752808,3.713600099848653e-05,1.3947325985172037e-05,9.289303394291575e-05,2.226937369896225e-05,5.1032923209373514e-05,2.008599982465535e-05,6.383956004886112e-06
AUDv,1.530189714657657e-05,6.5458258790156655e-06,9.789404635684385e-06,5.171341850337069e-06,3.0140691624448494e-05,1.275958187738468e-05,7.2621581840768535e-06,8.297537251539716e-06,0.0003023066972085496,1.5201095164864067e-05,5.4632406682091636e-05,0.00024000791294896947,8.720356313665677e-06,0.0003772594103099515,9.569350374976824e-06,0.00215583931932839,0.0006789066308488274,0.0019121992011609434,1.0949242838653634e-06,1.7715720332328893e-05,4.126461391672955e-05,0.0006599090589100646,7.281342403388726e-05,0.0003092268199555066,0.0009084198063225453,3.385340469392235e-05,1.0045712102441092e-05,1.4878934184879697e-05,0.00024170011687075444,2.026801506623722e-05,2.337663284548799e-05,0.00011614498458195194,0.0011386446948954167,2.573378706697183e-05,3.4902283626114686e-05,6.510025558549414e-05,0.00015155639191339525,2.0753136113752006e-05,1.9395751935702688e-05,0.00010233027753227626,7.775523164641353e-05,8.885535680889843e-05,8.173136538959536e-05,2.2461231843233255e-05
ECT,2.5355554870975962e-05,1.1875594067971603e-05,1.830399008611975e-05,5.168327742484744e-06,4.553631451839481e-05,3.751351810864199e-05,1.2528315158162453e-05,1.4650251403059553e-05,0.00017297557264825059,5.601358136764784e-05,5.3975473909284995e-05,0.00015621366119148233,1.6694573850707912e-05,0.0003076266031209275,2.8175190483955913e-05,0.0009813305280580397,0.0003241996532933108,0.0007851338851843518,2.431827555041314e-06,3.694759568495778e-05,6.266554896670553e-05,0.000452855419656131,0.00011398939946340521,0.0001352585292256713,0.0004916101638641733,7.368465361134222e-05,2.1122723963461542e-05,4.4579062143019695e-05,0.00018517596626974132,4.634255863917967e-05,4.908129604778946e-05,6.430310570564397e-05,0.0005847901185037543,5.3388614211070254e-05,9.69014598709133e-05,0.00010033103977045658,0.00015197637082564017,1.5054188615592358e-05,3.8019049794512544e-05,5.117526121962018e-05,0.00014178854110856394,4.383906151022455e-05,0.00019804838953656065,5.3769838454477356e-05
FRP,3.237528628190409e-05,0.00017371621740995324,0.0003072759348836386,4.696100062390994e-05,0.00028426374592014936,0.0003498906744608056,0.00016682536692827038,0.0001656253358678483,2.606530979616179e-06,0.0003430783816175474,1.7097710319430878e-05,1.3493303317317771e-06,6.0094283313817384e-05,2.4369861876201125e-05,0.0005315799970297999,1.9029627233252327e-06,9.80054958179461e-06,1.3497939352603111e-06,7.1839320341135176e-06,0.0005465369836128939,0.00036269155767792977,4.47175340362974e-05,0.00020094329454569863,5.643210436691046e-05,1.569321454606459e-05,0.0001815287710244046,0.00014999179666311363,8.891865218169623e-05,0.00013385721702317632,0.00010605089841562427,0.00036985657146109226,0.00022154027228971548,2.4888734906711434e-06,0.0005601218925010104,0.0002032367071036867,9.068631768246855e-05,0.00020841160979100128,0.00048828098715831885,0.0005098240765935984,2.4724646753978293e-05,8.308883841503805e-05,4.053721009302724e-05,0.0002947982740315898,0.000119706194714745
GU,5.970124190227614e-06,1.2303871114237965e-05,1.9761473262115755e-05,8.237744791052724e-07,2.9938830995507514e-05,0.00018405544464914191,1.5715936251944632e-05,2.3636286915206087e-05,4.565731106952866e-07,0.00038683163064934955,9.713260638298997e-07,3.9385194077619764e-07,9.779626866900886e-06,4.126639227852904e-06,0.00018929712343225143,1.4226609267593063e-05,5.0444217215494215e-05,2.1772406073518775e-05,1.2459385620971489e-06,0.00033005175801936303,0.0002667084705862631,7.292706415132286e-05,0.0002529964507767027,2.917446026941113e-05,2.4543047262819454e-05,5.332883156452601e-05,2.543958845213849e-05,7.502044938355346e-05,0.00015075456034696313,3.3316364808615944e-05,9.877031907289478e-05,9.094844826814015e-05,7.187012273927797e-06,8.924975034085148e-05,8.964440050564986e-05,3.181766359223009e-05,0.00014804654240558143,0.00012190854883582145,0.00012875829028660845,0.00012311339057890036,0.0015148650603344508,0.0003382744754600478,0.0010661952284878675,4.491501248543981e-05
ILA,0.00024336028675898911,0.0006591251872601975,0.0009108150776922618,0.00015775307205166743,0.0002738083104997889,0.000455718543539692,0.0006050240428155935,0.0007720132960083962,9.727965019167746e-05,0.0005609380358173349,8.952326402411486e-05,3.8871390173202836e-05,0.00028958996168001566,9.095874853211554e-05,0.0007363171967128526,6.1429692284873955e-06,1.5498532950088178e-05,5.724631327414662e-06,7.792725417446053e-05,0.0001545745665388863,0.00018291937965632558,7.42988245744984e-05,5.2664078678336784e-05,5.0447947963451206e-05,4.9686842907471874e-05,0.0011485596009144382,0.0009604098902918271,0.0007251288956753877,3.9642526387860334e-05,0.0008157482817369961,0.0007987640092300661,0.00030059448013884795,5.828523622976881e-06,0.0011524373727034326,0.0006673345008323473,0.0006629996156342177,0.00021204092149544425,0.00023972941787153771,0.00046503936923774866,2.8084992259316583e-05,9.562809346998268e-05,7.980653133922488e-06,0.00021343318865822857,0.0008458363984199508
MOp,2.4403529175938163e-05,9.696736997693506e-05,0.00011885544339934804,8.789690958201125e-05,0.0002534375717327296,0.00012645946992891763,7.958911031540624e-05,5.208649686961452e-05,1.4692250668716548e-05,8.121356834769814e-05,0.00011156890245574104,1.786946373100698e-05,1.5601799232965815e-05,6.956175128276e-05,0.00013261610564952708,3.6998020483949456e-06,5.7703189735853845e-05,9.141507880693116e-06,6.053567915281404e-07,0.0004957413586465665,0.00042143286671912026,8.691903648687816e-05,0.0005566550525892472,0.00015616855943699783,1.9176305020577786e-05,4.6075307633058616e-05,9.884040862131108e-06,8.241520300234713e-06,0.0002207159885463144,3.0221546841172653e-05,0.00010139263356852531,0.00021466784416137037,1.6917368154106126e-05,0.00011026738509811803,4.2278657959862535e-05,5.9358905073211306e-05,0.00038166274272983305,0.0005037315729461814,0.00024534968924067393,0.0003415385582992334,0.00028970969060546423,0.00037775731118775357,0.00029017736370758165,3.3205130552444355e-05
MOs,8.04955328247332e-05,0.0003566111957715867,0.00048041094733145803,0.00027758581004417866,0.0005119929894871006,0.00022122919072633135,0.0003113714215223617,0.00020620400034537865,2.703190989712778e-05,0.0001383393678291305,0.00026189210319221324,3.7784953771383625e-05,5.770813757439175e-05,0.00016601830955497061,0.0003463375603590503,4.3654273314159956e-06,6.634417352055127e-05,9.367003160501737e-06,3.375626600173801e-06,0.0004736521290212286,0.00044840233754221947,8.588623902110755e-05,0.0003574629331874177,0.00016787872447683578,3.605601255994314e-05,0.00017825934490203302,5.931541474068909e-05,3.378590679886721e-05,0.00022158642227250265,0.00011886200913360246,0.0002629179151060338,0.0003035638533780636,2.5567926425892585e-05,0.00034530672350909295,0.00013417050440433798,0.00017415843464591588,0.0004366254370122318,0.0006229528539451844,0.0005112992468291266,0.00017504124987668642,0.0002246579095180041,0.0001409450637650651,0.00024807602391208316,0.00013949871567923798
ORBl,6.076646279842218e-05,0.0003338835547790579,0.0005803713618711681,6.571473376888199e-05,0.0002897289063155111,0.0004298499947726835,0.00028334788389125504,0.0003091017323021465,1.614858447788066e-05,0.0004188516570811113,3.0016680539144815e-05,6.2163449522895215e-06,0.00010070505761897592,3.990554580723363e-05,0.0007143989359370268,2.833772629485585e-06,8.273969151004232e-06,2.0687485697648564e-06,1.1258705653084823e-05,0.0005038146640695885,0.000297148304574423,4.510764724575665e-05,0.0001918290688140814,3.9741113536712466e-05,1.7486017065753448e-05,0.0003696329248683481,0.00023179577527793606,0.00012999193770915456,8.45116276823086e-05,0.00020446306725262163,0.000591440869527849,0.0003062763501606371,2.9416676104923093e-06,0.00115455472607341,0.00022035061231228734,0.00017636383529555342,0.0001725273577546972,0.0004844260665709138,0.0006059118692177512,2.7261820701670383e-05,8.487443505823812e-05,4.624189467356106e-05,0.0002732175979808837,0.00019143397328023358
ORBm,0.00011361060769893488,0.0004024410984592382,0.0006172044247816741,9.197992826986059e-05,0.00022373648274498528,0.0003829921858259976,0.00036990473477208085,0.0005073270537525829,2.9580984606940974e-05,0.0005012749524526534,3.808439138771653e-05,1.1520217550323674e-05,0.0001652279965865646,4.6667793552079976e-05,0.0006457873703279318,4.354944778936883e-06,7.754068457161271e-06,3.538847455115143e-06,3.243610923680393e-05,0.00019987215384817723,0.00017677852032455647,4.3249711673115315e-05,6.595368241934426e-05,2.9761272074995473e-05,2.2734253734655692e-05,0.0006139967569530138,0.0005904943640661695,0.0003986188350421938,3.6040689198048716e-05,0.00039779076925549293,0.0006241228540374815,0.00024011531862666878,3.1474301008412368e-06,0.0009953841646764942,0.00042284013664649193,0.00028279278427814305,0.00012794757726486105,0.000257703868473118,0.0004015007398889475,1.7706828926584386e-05,5.793660597130996e-05,9.006313978805408e-06,0.00016798138829141428,0.0004403186021530048
ORBvl,0.00010904954974969152,0.00047361464791786185,0.0007887235516393832,0.00010489580891215412,0.00032805254111448656,0.0004326983692640734,0.0004078093352698563,0.0004461192368205436,2.6454765411997507e-05,0.00047568706350651865,4.3392232922731775e-05,1.0229573466373248e-05,0.00015956300606674142,5.721449149919076e-05,0.000803697465562595,3.6923441696267297e-06,9.825596122482806e-06,3.0772741201355815e-06,2.2472055258962483e-05,0.00038051785125146155,0.00025602993517709344,5.180965290149058e-05,0.0001411557560117794,4.084672632521215e-05,2.4915396288610056e-05,0.0005923907210704337,0.000455004598250152,0.000258529886420523,6.606260684642042e-05,0.0003215517714746102,0.0006618606175060001,0.00035030359468995976,3.9872518660174375e-06,0.0013017280335822334,0.0003167950030309459,0.0002488351490875136,0.00017280457547480698,0.0004498784768293946,0.0006168008937890527,2.618006634240943e-05,7.391072548982073e-05,2.18429976227627e-05,0.00022836789000942227,0.00032185810580350756
PERI,2.9574157257208305e-05,1.3907203798691208e-05,2.1506116483926787e-05,5.849652942371983e-06,4.8259228723575744e-05,3.4575440170865116e-05,1.4457816408488166e-05,1.6904244591008623e-05,0.00017052629118653213,5.136170327537977e-05,5.889739770559833e-05,0.000157034694317143,1.968069498062033e-05,0.00032231930325212036,2.7156604131940216e-05,0.0008524380973866162,0.0002898178765662055,0.0006580670085060903,2.7613511540430792e-06,3.09923108649293e-05,5.839807692691227e-05,0.00046276722996150887,0.00010197870267684545,0.00012466695186511679,0.0004803816262550941,8.53455709050747e-05,2.43162570883607e-05,4.62138490341999e-05,0.00017388006119402972,5.3064450651562446e-05,4.7664041272760996e-05,5.885648734649201e-05,0.0005442155132618782,5.561484647848325e-05,0.0001041419567904815,0.00011032981238811272,0.0001543785688976075,1.2505374507300884e-05,3.7184305905798544e-05,4.253457427478322e-05,0.0001274941496847486,3.2860937062306975e-05,0.0001813573101898164,6.0110691079754416e-05
PL,0.00014035011626392345,0.0005023054676638692,0.0007386249031285804,0.00017649851132683588,0.0004055531892048715,0.00035116225755197624,0.00047810660449555713,0.0005241484947235821,3.49317099190834e-05,0.0004245739657057959,0.000102470539120146,2.2165403184370214e-05,0.00017011011142726662,9.760661809258238e-05,0.000616022519648242,4.245515565792187e-06,2.6752100594108642e-05,4.7430664816870016e-06,3.163580563971266e-05,0.00024544128218768207,0.0002642389377926961,6.652325955482516e-05,0.0001118468874168476,8.116281533206642e-05,3.297912824210898e-05,0.0006158857721141369,0.0005214077535715684,0.00038035666019013817,9.41997122115922e-05,0.00041676928284539266,0.0005391576761658907,0.0002822997405001954,9.993748338973294e-06,0.0007405501032078514,0.0004251034770373563,0.00033290463083998905,0.00026870894579268586,0.0003886070757157788,0.0005080545740512103,4.696190217579406e-05,0.00012478901534432004,2.1265979298369302e-05,0.0002006435248539601,0.0004758597060600687
RSPagl,0.00030420963027436276,0.0003244706834744063,0.0003063826111059626,0.000492900838473579,0.00023428050914811534,1.687645404834898e-05,0.00017819854847814129,0.00010343932047160154,0.000734927311189578,2.910654347253231e-06,0.001537490793514754,0.0007624475451853513,3.0193932154227424e-05,0.0009628346212674947,2.2381990544156005e-05,6.161023649379688e-05,0.000151460548527581,8.552135406238053e-05,2.7134415943786195e-06,1.1771604699113356e-05,0.0001292375543791123,0.00010603216055838907,0.00012971596388829373,0.00036394362987811406,0.00013130158529069558,9.779495542811021e-05,1.8855357147380292e-05,4.837325746637561e-06,0.00021415723687155577,5.222618778355575e-05,8.600029416305625e-05,0.0003568340659133982,0.00012530410071161187,7.134296923241943e-05,3.819657486111845e-05,0.00013053193038451425,0.00027610158390682616,0.00017088973614141407,0.00010481600778122439,0.0002769700796183823,0.00012610381616585478,4.287809353641903e-05,3.880899811256477e-05,3.366947394714258e-05
RSPd,0.00044360783105007034,0.0003890197405580439,0.00031313115081481416,0.0007462540113937189,0.0002049525263503637,1.8277680826111103e-05,0.00021232262077449385,0.0001303394664334072,0.0006154429861779226,2.9735610394673335e-06,0.0017010491448905104,0.0006508719192882705,3.4246773221410325e-05,0.0008595824388420591,1.960168406548185e-05,5.073991537276448e-05,0.0001491825037418724,7.434489960298562e-05,3.084875088212864e-06,8.310959325364081e-06,0.00012692912532410194,9.240122700588607e-05,0.00010880559082077077,0.00032359896981844905,0.00011519534686010754,9.766073996430013e-05,1.937108618606965e-05,5.20360369087312e-06,0.00020812833809258222,4.989727154719383e-05,7.632717847003534e-05,0.0003503044419498543,0.00010800224921689654,5.459662351604588e-05,4.320912181455938e-05,0.00015114081431195824,0.0002966395258890227,0.0001398513894047715,0.00011310741475703774,0.0002381832415986244,0.00015164263854660736,3.4091525683710784e-05,4.502984213569305e-05,3.6101633335637155e-05
RSPv,0.00048047410580479135,0.0003991906664662062,0.0002963183989494643,0.0008296135822745566,0.00016843233543028594,2.3657117830281106e-05,0.00022795979124024332,0.00017076136029548132,0.0004317632530050499,3.85788244008837e-06,0.0014882656076373086,0.00044859240749833503,4.3144263530576036e-05,0.0006362974134599563,1.8077300351704526e-05,3.615399301026503e-05,0.00011897128989775363,5.362922393382967e-05,4.897402432822969e-06,6.282289833610551e-06,0.00011162049090682254,7.75000266715333e-05,7.942786584735243e-05,0.000230942621904866,9.83949135443598e-05,0.00010665974166862965,2.5992892814091624e-05,8.470317681203753e-06,0.0001635973543878822,6.131744590217277e-05,8.161103051309882e-05,0.0002892654005220079,7.733474342843523e-05,4.450062501770001e-05,6.1012805257349324e-05,0.00018586256604443142,0.0002548404543903877,0.00010729682784671116,0.00010577062004323548,0.0001781914715018831,0.00014112391166860259,2.4054661360612434e-05,4.6683582097735194e-05,5.127419149247118e-05
SSp-bfd,7.419784222891447e-06,1.5013717693216422e-05,2.3969331832018905e-05,2.7186936216549927e-05,0.00013820746256484605,1.4971900414688445e-05,2.1166137213635772e-05,1.3230266619492909e-05,0.00021572025592077315,4.851195427387277e-06,0.00017435086456009104,0.00017780687888645485,4.083818913457355e-06,0.0002535157301634052,1.5488683188019284e-05,0.0001598014960285286,0.00034088510614039083,0.00024461022299905437,4.872514024424499e-07,5.104719497627956e-05,0.00024474291050952807,0.00033801799023316497,0.00042756935724909645,0.00041799014239901866,0.0003288391504934498,1.4444290393640593e-05,7.558128933187467e-07,1.9333329311171018e-06,0.000524429006326553,1.8602061430418687e-05,6.408759252255379e-05,0.00023028436766619497,0.00023446034518835498,9.9187106273481e-05,1.0777580406747075e-05,3.5890359691406756e-05,0.00056124990026302,0.00019564826488928779,0.00010036751312058022,0.0004323757394474505,0.00020287465563395755,0.0004300158689438192,0.00010912403194993943,1.3106140972502629e-05
SSp-ll,2.5890491788540932e-05,4.852877216405367e-05,6.672629119413089e-05,6.2438869453803e-05,0.0002279060811590599,1.2743381051926944e-05,5.037761624021236e-05,3.025828991814343e-05,7.450436067054964e-05,3.387167372835476e-06,0.00021018484175174383,6.473464310191502e-05,9.671604565927076e-06,0.0001808414652182215,2.988271272121042e-05,1.7480897139422364e-05,0.0001658104832846264,4.754221455896807e-05,4.17639004352419e-07,5.1493563387107396e-05,0.00026469206558848074,0.000144334529236342,0.0003463561189491016,0.0003590296461612498,6.055996742298566e-05,3.053669188019624e-05,1.4629034299307379e-06,1.2454117708074681e-06,0.0003188914566828454,2.3986468323403804e-05,5.058160005419515e-05,0.0002495583398097138,6.932841680184567e-05,7.051877629962852e-05,1.5630614015303704e-05,5.4618759041908074e-05,0.0005560534007577236,0.0002468082410130255,0.00015188886270650707,0.0006270778220108923,0.00015461914877232697,0.00014858986412036012,4.995324651515054e-05,2.1627463306104935e-05
SSp-m,4.3926177328089503e-07,1.631153662332199e-06,3.101236091699202e-06,4.33932064447077e-07,5.112319598196983e-05,8.066786900494719e-05,2.0791250092144765e-06,2.975613512125467e-06,7.052308377897643e-07,7.26126157999656e-05,9.73103918585698e-07,6.63553602084384e-07,1.1764274816460552e-06,1.94809545283791e-06,5.480165117594045e-05,3.838623216820218e-06,3.9053149540263514e-05,9.065822558701205e-06,1.599797605706185e-07,0.0003443599864375087,0.00025594345766812254,0.00010613860651661604,0.0006298012690493536,9.100411443446699e-05,1.0425293529475754e-05,5.5984200321368325e-06,1.922259334420463e-06,8.184108228951068e-06,0.00030353620116929376,3.684617534866603e-06,4.479372316169749e-05,0.00017265170960332167,2.9019987335510698e-06,2.833743302547189e-05,1.8164886220229845e-05,8.25892837965186e-06,0.00029451262616253716,0.00023082390215654184,9.557705218051402e-05,0.0003141234313272138,0.0006703618600816626,0.0007587642930565019,0.0005605217014877291,4.390423856003405e-06
SSp-n,5.229339547291384e-07,2.137095458869311e-06,4.536750505438264e-06,3.376217387465018e-06,7.854618038011905e-05,2.5536175717102684e-05,4.367957845725038e-06,3.4828702961198094e-06,1.8739987251223597e-05,1.2159973624168985e-05,1.2959387916920919e-05,1.3120280929633014e-05,1.3470647705084028e-06,2.8638031722312768e-05,1.53031727456294e-05,3.5368937632397665e-05,0.00018783731848810622,8.614836501131436e-05,1.1265564679600883e-07,0.00010221853510606051,0.0002134849662353916,0.0002558016587645198,0.0006699410172337735,0.00023320089293195998,0.00011823787413319572,7.326273647759177e-06,6.456652799913039e-07,3.0493700634449916e-06,0.0005237513503715491,9.210393585183482e-06,5.9581272579935624e-05,0.00022016520141360027,5.5529904256763465e-05,5.641672502212393e-05,1.2047030848683645e-05,1.541704922827241e-05,0.0005132514565215408,0.00012756736012705435,6.92736054444869e-05,0.0004364426820672704,0.000431413400637352,0.0007626612179924433,0.00026615813356918995,9.156445129987696e-06
SSp-tr,0.00010326250116134628,0.00013189746387211752,0.0001719313672368222,0.0001808195500825826,0.00030684041887959167,1.7111431339189294e-05,0.00012707499082801897,7.940485719545467e-05,0.00033778350427540944,3.7722978497271422e-06,0.0007198966230168994,0.00030785021267145307,1.938475712259995e-05,0.0006254187943926024,3.515195881277507e-05,5.683730506159599e-05,0.0002519907489989669,0.00010761659222705741,9.68919613275235e-07,3.68409172635697e-05,0.0002607628311323825,0.00018812090881171749,0.0003246776553937588,0.000552798874807848,0.00014190756728417437,6.365067019097839e-05,6.234200248977483e-06,2.5681029440436837e-06,0.00041663682995724726,4.67766535734827e-05,9.366567405036692e-05,0.00037798630827851006,0.00015832843643451104,0.00012260602544536826,2.878771784953055e-05,0.00010251424363658622,0.0006093933947618527,0.0002916576007109006,0.00017221752928436737,0.0006070978061812582,0.00017057342583412462,0.00015061461679745396,5.6937454754726437e-05,3.353535089306706e-05
SSp-ul,6.2209607900993905e-06,1.7379578067332382e-05,2.464750268658218e-05,2.233507387909491e-05,0.0001872320567976849,2.2531901534773743e-05,2.2055702343733836e-05,1.297110892244105e-05,2.9969662931417566e-05,3.909508893720259e-06,8.891390334971668e-05,2.441428192983996e-05,4.015903860985659e-06,7.842222918981432e-05,2.8611317202219424e-05,1.0522118078763193e-05,0.0001206875517936127,2.960113843663651e-05,2.461638962103148e-07,0.0001283468969559545,0.00029125837833109266,0.00012912964667299864,0.0005260375175781621,0.0002578238432331542,3.798972123739006e-05,1.1422946313637328e-05,6.660632182894757e-07,7.897276768520552e-07,0.0003244442732272785,1.1791667421278756e-05,4.473022655067583e-05,0.00021707373921479533,3.728323563987199e-05,4.8656512113486826e-05,6.892680566914534e-06,2.359146497294462e-05,0.0005128914391399758,0.00025916662914964755,0.0001276317393730875,0.0006130454447124897,0.00019628172840426402,0.00033865491344577147,0.00010363158088251189,9.788945415336792e-06
SSp-un,6.439011508925774e-06,1.4286339975802507e-05,2.1651480650325987e-05,2.3122534685712104e-05,0.00015753232340300294,1.4715793568172083e-05,2.201605158306292e-05,1.1856590585406322e-05,5.3468507834044284e-05,3.1219658629466537e-06,0.00011613240529853881,4.154931578191348e-05,3.7472466695118613e-06,0.00011036737512119602,1.95604078159e-05,1.9348000713575654e-05,0.00016039661471158796,5.025525842427343e-05,3.366629205900445e-07,7.370108268241187e-05,0.00025047579479264603,0.00017215908080937543,0.0005660692740222384,0.000303721598831314,7.113759867616437e-05,1.0367823294748948e-05,5.701912493703066e-07,1.0760555189890039e-06,0.00042693732759424704,1.2863753496220535e-05,4.968658884833859e-05,0.000248498668881746,5.787876786175826e-05,5.915511954519446e-05,6.680183717504159e-06,2.253608601190226e-05,0.000575354514120919,0.00020499583659739314,0.00011032544937294178,0.0006233389150358127,0.00023097520309355894,0.00045741373868863516,0.00012429475564223102,9.643657354867109e-06
SSs,4.046214482016007e-06,5.918236182919803e-06,9.74792298952248e-06,3.104615096957097e-06,7.12955002075829e-05,7.976991130716608e-05,8.393410901490715e-06,1.05259546344177e-05,7.397068153708722e-05,0.00011330269740420111,1.8639668948842373e-05,5.254255172018638e-05,5.3229207439025965e-06,8.170835398146984e-05,5.504535997002569e-05,0.0002905062878939295,0.0003816336175394425,0.00039803345730578016,8.513065895945763e-07,0.00017576175471320691,0.0002345649403061596,0.00037062615012934996,0.0003752048966381033,0.00022911099709448094,0.0003587265967317622,3.53173978754113e-05,1.2244857372767414e-05,3.778969965513401e-05,0.00040888204980141034,2.671482438390966e-05,8.936420575595766e-05,0.00012848640340524996,0.00022961862501083896,7.763675464644733e-05,5.5258030675473085e-05,4.3383900967854353e-05,0.0003535633900560904,0.00012146176274586951,8.72410184718595e-05,0.0002730024735965758,0.0008758487938425379,0.0004734942894183881,0.0005531644786186998,3.432764974328567e-05
TEa,3.3683009067627084e-05,1.475714927346441e-05,1.908667976633238e-05,1.2419240058360364e-05,4.017685312620583e-05,1.9560012771415377e-05,1.3150908318905045e-05,1.4975907368441134e-05,0.00044598493632933245,2.6974121009809377e-05,0.00015212712996303364,0.0004312893849367115,1.1779457134767323e-05,0.0006008228538489773,1.458394638939763e-05,0.001456061973885713,0.0004497685186878309,0.0011878644655923412,1.875704931246779e-06,2.047135783966375e-05,4.249528540968081e-05,0.00047057112637002776,7.398652196064184e-05,0.0002167641004373484,0.0006417412370390638,4.49566619445269e-05,1.5685465489392e-05,2.324804204463791e-05,0.00018744472018256817,2.7783163725941873e-05,2.9925210789335164e-05,0.00010553955279082789,0.0008737589891374513,3.27621716403475e-05,5.003787985317048e-05,6.960844018941159e-05,0.0001228754269065201,1.9402505257672264e-05,2.2957859879086565e-05,7.140204612686428e-05,8.444525961460173e-05,5.280330385279922e-05,0.00010726669703840813,2.9620256694198725e-05
VISC,8.095253310518907e-06,9.880476738961593e-06,1.5198132291676378e-05,7.91018690502487e-07,5.734583952566682e-05,0.00013804605349787625,1.3196268864477904e-05,1.7588572913461523e-05,7.522391588938856e-06,0.00025093086983658466,2.3914157972680577e-06,5.116213971730288e-06,1.0772774748784586e-05,2.9483318788889687e-05,0.00010127242605874422,6.662610270057623e-05,0.00018048141346256044,0.00010086967030714201,1.6885562862799891e-06,0.00017919979674103944,0.0002203769245770983,0.00023329034097542914,0.0002965430542318923,8.958890113169887e-05,0.00016189435476196006,7.554981520945321e-05,2.7227095884844663e-05,9.78646865360746e-05,0.0003297668587750366,4.900718644124515e-05,0.00012871454208215265,6.642474767492834e-05,6.824980265987978e-05,0.00010553751798051127,0.0001487290337216321,6.924597286323267e-05,0.0002826046151337945,6.152286522912e-05,0.00010407022732586298,0.00012884830243321528,0.0008644903292087761,0.00020954923463627597,0.0007894838771008565,7.090013765466242e-05
VISa,0.00016954527782032353,0.00022442672529250407,0.00025232731406203213,0.0002642939398392511,0.00026672885501433753,1.686015117029331e-05,0.000157245801255118,9.965108310941285e-05,0.0008689424878179249,2.5154094121700664e-06,0.0013058253392292177,0.000835942698224432,2.264739508569055e-05,0.0011472187107310745,2.5822025795755432e-05,0.00023638253083290076,0.0002503440833937216,0.000254964285114359,1.546819806196918e-06,1.5016698712987186e-05,0.00014846337741563384,0.00019373877837860495,0.00018211226196769575,0.000497343448209955,0.0002847866866248967,8.54780999333862e-05,1.497852658355266e-05,3.5043385913825476e-06,0.00029206634638357574,5.3763423038493565e-05,0.00010026846331600146,0.00037233465240328297,0.00030445361598712664,0.00010485505016978898,3.0294202534077588e-05,0.00011076840495465662,0.00031395991769999726,0.00021885207728713536,0.00010624400917193413,0.00032924266195761236,0.00011268498094999034,8.430532921862518e-05,4.020429901440507e-05,3.130947489096649e-05
VISal,2.3696345777757726e-05,1.1186734667355059e-05,1.4049982659352113e-05,2.63820595448577e-05,4.8581924499593695e-05,1.5456418582472852e-06,6.828660961963672e-06,6.632827911476007e-06,0.0008568047804195853,4.350421842905232e-07,0.0004566688454786609,0.0008694232540467929,3.949800759315954e-06,0.0008127700558840126,2.075441144333695e-06,0.0005957695358753638,0.00030100703834607924,0.0005595334600733953,1.0071008772873879e-06,2.8781761470064216e-06,5.8555584307654545e-05,0.00030497229356371753,6.99556970066515e-05,0.00035278762509024283,0.000519809064380172,2.290209432055041e-05,2.5788927116322414e-06,1.2100897861788223e-06,0.00020770522376205346,9.486938607836945e-06,1.6851084658015202e-05,0.00014664249363595554,0.0005648817140063684,3.0337008509209716e-05,5.998487624560252e-06,3.910391832096747e-05,0.0001504821808143366,5.177338923649327e-05,1.836393997266946e-05,9.927339123928173e-05,2.9057440839174016e-05,6.541547481824184e-05,1.8832111196041184e-05,5.004218293786374e-06
VISam,0.00032173530938157924,0.0004210343129859922,0.00044538322711959043,0.0004985081198623225,0.00037257136419681386,2.5947202986166505e-05,0.0002582281184165154,0.00016079325407527946,0.0010360681989713154,3.5085229867673493e-06,0.0021172684507260978,0.0009871622145013134,3.732585923316036e-05,0.0015149248149129001,3.501512304668168e-05,0.00010742104341751485,0.00021606967132293119,0.00014192119671762915,2.5068276316562174e-06,1.3926501074720072e-05,0.00015939145874526727,0.00014037569815088377,0.00018164058684025621,0.0005462707317096522,0.00020901342284356385,0.00013922480522803022,2.7813458119194635e-05,5.8153740029911266e-06,0.00028442530422237883,8.286503246960978e-05,0.00014838037532731045,0.0005052779769928868,0.00021047830846008826,0.00012930587801880542,4.8601725859195454e-05,0.00016456046798859046,0.00030031683801691635,0.00027733507033454,0.00013325491661517866,0.00036309890470828025,0.00014616557285243679,5.828997118100997e-05,4.662404807522163e-05,4.734392391214315e-05
VISl,4.295821643154891e-05,1.5028421478641292e-05,1.6004371361632724e-05,2.3911398901879493e-05,3.168154974732529e-05,1.2368145990005775e-06,1.0738260906246982e-05,8.867795238880967e-06,0.0008799476177640826,1.9666415924772814e-07,0.00045097343446151095,0.0010231821748257904,4.0875687903589515e-06,0.0008759366158199095,9.125018353645484e-07,0.0003715168705658309,0.00015634915772100834,0.00030475795022094133,1.536385812641869e-06,6.444760555575738e-07,1.4659020337166804e-05,0.0001502270742338051,2.5457328384479376e-05,0.00016142741112464289,0.0003102233650901746,1.3971240163465802e-05,7.649382820479227e-06,2.2290567618320342e-06,8.315386539715195e-05,8.174287680841578e-06,1.0756744634706585e-05,0.00011942759953360959,0.0003721666026783982,1.4415828453193252e-05,2.9238629757957588e-06,2.0074813378579026e-05,4.003078971172311e-05,2.376907659902468e-05,5.678557597482811e-06,4.804452777792994e-05,7.872736469779338e-06,2.321276486414879e-05,6.42336705743902e-06,3.549756094527244e-06
VISli,5.189146951771628e-05,1.854714415506096e-05,2.0158533054275043e-05,2.7658131301883942e-05,3.748191466550803e-05,1.604648612364083e-06,1.3724491859162684e-05,1.2138483976313812e-05,0.0009301577976362592,2.633820390170141e-07,0.0004352126883890379,0.0010431005031612854,5.5694592271512955e-06,0.0010103619315787744,1.1949863026786482e-06,0.0005884748643749915,0.0002241432414639855,0.0004719067048915297,1.8948674399380759e-06,7.306619838742383e-07,1.82770724330976e-05,0.00022058570840686028,2.778704444749225e-05,0.00020239320618899582,0.00042962060859782526,1.76586452803233e-05,1.0366951733629881e-05,2.904354062947564e-06,0.0001090200127758474,1.020787398363884e-05,1.1486086400508013e-05,0.00013117051858198248,0.0005458285521890059,1.5563526591021466e-05,4.163564688532513e-06,2.8140806903020327e-05,5.483582043343687e-05,2.641484481652467e-05,7.094294330139127e-06,5.6095594980743714e-05,1.0017465234275516e-05,2.6896351479421073e-05,8.770814072861756e-06,4.567457849844171e-06
VISp,7.696756054532874e-05,7.710189599148286e-05,7.672692847228904e-05,9.161289858126237e-05,5.555781257882671e-05,4.1503096964204345e-06,3.977764584762541e-05,2.5398497541619496e-05,0.0008452453134228573,5.282715622742524e-07,0.0006663604892678589,0.0009509904584182055,7.4286558975423e-06,0.0007472354101731775,3.742693120387289e-06,0.00014835663201095566,7.875042295698457e-05,0.00012289730897668193,1.4104299233888704e-06,1.5364635735514586e-06,1.7232994325890335e-05,6.166135401141655e-05,2.9310242966965387e-05,0.00012669511010861287,0.00014245472887545178,2.640149447620212e-05,9.467974968517552e-06,2.2744565971182394e-06,5.730652157617219e-05,1.535012677836666e-05,2.5070194797158868e-05,0.0001431161242709048,0.0001624372325984964,2.082781004221262e-05,6.6040360383815895e-06,2.6716561260566607e-05,3.108447669809435e-05,3.945723642160205e-05,1.4604235300869509e-05,5.7957756391787584e-05,1.9285871034405077e-05,1.6375556016414115e-05,7.163959144102624e-06,7.711804042395206e-06
VISpl,3.874515544512467e-05,1.6831958204203315e-05,1.6260441413806308e-05,2.1258251740429587e-05,1.7953535215699053e-05,1.2664245574816849e-06,9.783908276257273e-06,7.891839993750026e-06,0.0007478799376833249,1.3435207858667755e-07,0.00033739724475534373,0.0009423530243431292,3.1754735764378485e-06,0.000706558965045994,5.212483946115889e-07,0.00014230605748799188,6.039700936409443e-05,0.00011209243451101523,1.537720675562335e-06,2.2928211269336668e-07,2.593884886118942e-06,6.52953004504248e-05,9.100669293563894e-06,5.954121436789895e-05,0.0001574262249946598,8.851334897012857e-06,1.1062869935528233e-05,2.9829665791530335e-06,2.8011802002492588e-05,8.586715202527483e-06,7.163141154189422e-06,8.363944151200715e-05,0.00017476542224989107,6.5307774092230855e-06,1.184190820097537e-06,1.0071170590882131e-05,8.224509091481512e-06,9.022712188515047e-06,1.6697828298476114e-06,2.087232167216339e-05,2.3759613785336973e-06,1.0151617174424448e-05,2.5302836954288456e-06,3.0776899094472985e-06
VISpm,0.00029209081978114325,0.00036099552542207886,0.000353683158512864,0.00042919498817528323,0.00021616370450744805,1.7461746600622276e-05,0.00017649916750261808,0.00010121495780203286,0.0010598582311860452,2.2002351497413927e-06,0.0017966846200010648,0.0010492057816308723,2.8808313498733293e-05,0.0011947190408276803,1.7563889598254278e-05,7.923203545993396e-05,0.00011393066818526984,9.289721410861886e-05,3.188951958144962e-06,5.814316915182718e-06,6.981152151628262e-05,7.430006605937564e-05,8.219968740638506e-05,0.0002861883487424439,0.000143394678968838,0.00010899504723504837,2.657770142894381e-05,5.531362050275454e-06,0.0001316762389276087,5.695017849451718e-05,9.481100888702936e-05,0.000359730708769416,0.00012339718201869154,6.52174435084845e-05,2.992267350662654e-05,0.00010817770847978518,0.00011377647231167439,0.00015209023620680736,6.54495762224709e-05,0.00018300611101873426,8.33359739666595e-05,2.8507463627776155e-05,2.6206419739015124e-05,3.037199280352512e-05
VISpor,7.02618208152313e-05,3.3707098952304556e-05,3.496936105750428e-05,3.2752305616059926e-05,3.810383384296793e-05,2.776284309596452e-06,2.286414507967296e-05,2.4365600968850708e-05,0.0009557926992477981,4.778531595299571e-07,0.00038106471991262525,0.0010520032714684887,7.957853791183056e-06,0.0012209617550653052,1.4899767711492354e-06,0.0006546436813472127,0.0002255879373220371,0.00048594797922805517,2.361165843217809e-06,3.976917930135468e-07,8.039293911283492e-06,0.0002261565601645564,1.7143134178373797e-05,0.00013984592374444168,0.00045956142610344933,1.6555317056369182e-05,2.015821905953215e-05,5.376556106771577e-06,8.83965799066855e-05,1.477838822700381e-05,1.0378494658350811e-05,0.0001234872881760089,0.0006187994236000317,9.59129884337817e-06,5.183470610787901e-06,2.540314949604224e-05,3.1783756643465755e-05,1.4111055817744558e-05,4.296175956003831e-06,4.221700239834073e-05,7.822995194172988e-06,1.910489329243881e-05,7.503611824016355e-06,6.779843792525076e-06
VISrl,2.9516062315041605e-05,3.270744975284535e-05,3.920881151493354e-05,4.204660459328518e-05,7.053604659048896e-05,4.0472434892832636e-06,2.615694895836515e-05,1.847467055030276e-05,0.000833045979469942,6.684650978809408e-07,0.0005688849711770227,0.0008329138728073908,3.7833820542093704e-06,0.0007001120298962907,5.346531877353078e-06,0.00018552893565925455,0.00017419149662922743,0.00019845126658048402,6.43247006219523e-07,7.208487684705976e-06,6.720717243518434e-05,0.00013705157215538225,0.00010097007356521408,0.00026618055312819985,0.0002347074933121812,1.8011827519948416e-05,2.7901945415857046e-06,8.233744812003039e-07,0.0001790629003016589,1.2314457481020752e-05,3.002259369254032e-05,0.00015964585467094142,0.00023060216942170957,4.4188177149796254e-05,4.657965478469894e-06,2.5558363881682823e-05,0.0001516781591592332,7.628709123421472e-05,3.12888867907952e-05,0.0001329028727479478,4.2494223833416364e-05,7.831720350543142e-05,1.9331291978662038e-05,6.532870331726441e-06
